Month,Year,Sales,Marketing Expense,Production Expense,Distribution Expense,Region
1,2004,65795,10860,25390,18418,Karachi
1,2004,51284,16265,36850,18526,Islamabad
1,2004,67194,24423,31363,16111,Lahore
1,2004,36023,18322,21685,5769,Hyderabad
1,2004,17433,15311,25051,11420,Quetta
1,2004,27568,29769,26396,18035,Peshawar
2,2004,77480,18666,38942,12849,Karachi
2,2004,58431,12747,20189,7734,Islamabad
2,2004,65773,11899,21267,6528,Lahore
2,2004,31394,13556,23890,13838,Hyderabad
2,2004,45740,24502,30627,13792,Quetta
2,2004,20555,20253,28433,15233,Peshawar
3,2004,61016,12612,35787,15748,Karachi
3,2004,57159,22206,28226,19541,Islamabad
3,2004,65920,11585,23943,12555,Lahore
3,2004,39457,11021,31653,15805,Hyderabad
3,2004,28417,17989,29692,17990,Quetta
3,2004,16873,15675,20161,9297,Peshawar
4,2004,76557,10995,31534,17743,Karachi
4,2004,65851,11016,28529,5878,Islamabad
4,2004,39268,22185,26331,13571,Lahore
4,2004,59976,15276,38446,17076,Hyderabad
4,2004,17568,12027,22695,14687,Quetta
4,2004,25422,15258,26736,5391,Peshawar
5,2004,63986,22666,25892,8561,Karachi
5,2004,66854,16184,39483,11278,Islamabad
5,2004,38392,23067,35265,8104,Lahore
5,2004,43599,12454,31837,19039,Hyderabad
5,2004,45818,29115,30965,13154,Quetta
5,2004,19762,15056,34948,13110,Peshawar
6,2004,63773,27412,20502,11910,Karachi
6,2004,65446,10206,37868,12858,Islamabad
6,2004,52403,28141,34820,12574,Lahore
6,2004,26374,11678,39626,9636,Hyderabad
6,2004,48827,26198,29914,16506,Quetta
6,2004,29541,20817,30921,19892,Peshawar
7,2004,92557,26312,31252,7693,Karachi
7,2004,69467,23931,23627,14555,Islamabad
7,2004,51834,28047,30230,10592,Lahore
7,2004,43776,11306,26776,15867,Hyderabad
7,2004,24474,17526,25530,17936,Quetta
7,2004,30797,13748,33545,17971,Peshawar
8,2004,50663,11998,27994,16637,Karachi
8,2004,70303,27879,23304,8763,Islamabad
8,2004,69353,27675,39965,16649,Lahore
8,2004,43938,11636,37082,15352,Hyderabad
8,2004,43673,14737,34555,18877,Quetta
8,2004,10854,15855,27392,11528,Peshawar
9,2004,96717,28091,25791,14925,Karachi
9,2004,61919,14931,39894,5202,Islamabad
9,2004,42688,14389,22327,13004,Lahore
9,2004,20197,11930,31774,11287,Hyderabad
9,2004,40184,19339,31589,7511,Quetta
9,2004,25708,27043,22811,12098,Peshawar
10,2004,97011,16546,21986,18822,Karachi
10,2004,51411,12911,21734,6843,Islamabad
10,2004,38680,29360,38343,10759,Lahore
10,2004,43078,12385,31111,9736,Hyderabad
10,2004,16802,18155,28120,11616,Quetta
10,2004,24257,24486,36646,19075,Peshawar
11,2004,81065,19208,36371,16835,Karachi
11,2004,42049,15423,34589,16915,Islamabad
11,2004,50932,29492,27158,15248,Lahore
11,2004,27400,29554,29874,7255,Hyderabad
11,2004,16154,14499,26295,11197,Quetta
11,2004,37767,22183,32874,6648,Peshawar
12,2004,82711,15539,29637,9199,Karachi
12,2004,42557,15592,36482,7200,Islamabad
12,2004,32961,24207,31969,7869,Lahore
12,2004,48643,15699,23987,14719,Hyderabad
12,2004,37399,23446,21218,9496,Quetta
12,2004,14735,21296,24555,14146,Peshawar
1,2005,90818,22757,39830,6045,Karachi
1,2005,46893,28077,34373,19565,Islamabad
1,2005,33436,18754,30677,10895,Lahore
1,2005,39738,26609,35636,9893,Hyderabad
1,2005,47352,17022,29151,10600,Quetta
1,2005,39124,17996,29007,17946,Peshawar
2,2005,87410,21312,27679,13208,Karachi
2,2005,58589,20716,37453,8444,Islamabad
2,2005,62635,11060,38711,8420,Lahore
2,2005,51216,10301,32468,5606,Hyderabad
2,2005,15699,10190,30492,5980,Quetta
2,2005,12975,16102,37568,8327,Peshawar
3,2005,69778,11816,20569,10442,Karachi
3,2005,74663,29117,23863,17913,Islamabad
3,2005,37455,14014,31093,6686,Lahore
3,2005,55777,26538,30729,6409,Hyderabad
3,2005,15784,18096,27560,17533,Quetta
3,2005,17343,17206,25801,7806,Peshawar
4,2005,99689,15986,38225,18208,Karachi
4,2005,50647,18716,39334,12992,Islamabad
4,2005,34780,12368,32039,11655,Lahore
4,2005,24495,20893,33403,18121,Hyderabad
4,2005,25966,10853,36958,16453,Quetta
4,2005,27532,19907,24777,18125,Peshawar
5,2005,79749,25338,22491,15852,Karachi
5,2005,54599,29508,23051,5004,Islamabad
5,2005,51606,10876,24142,11966,Lahore
5,2005,27079,17987,26799,17556,Hyderabad
5,2005,32019,23417,38077,14874,Quetta
5,2005,31136,18311,37214,19098,Peshawar
6,2005,78251,15177,34262,14561,Karachi
6,2005,65316,18308,25949,7838,Islamabad
6,2005,31150,11931,29204,6664,Lahore
6,2005,21081,26896,33407,12805,Hyderabad
6,2005,20237,26943,32775,12404,Quetta
6,2005,26244,23184,23343,18500,Peshawar
7,2005,79375,19662,36964,12004,Karachi
7,2005,48130,29531,21679,8506,Islamabad
7,2005,43284,17253,39128,16548,Lahore
7,2005,29435,21310,33296,7141,Hyderabad
7,2005,45445,23245,31151,15457,Quetta
7,2005,33001,12479,24452,15262,Peshawar
8,2005,88649,24069,22849,16443,Karachi
8,2005,63289,21922,22489,14823,Islamabad
8,2005,39540,26364,24611,16279,Lahore
8,2005,58646,26347,20851,6687,Hyderabad
8,2005,21833,21938,22427,14760,Quetta
8,2005,14000,15052,22738,16690,Peshawar
9,2005,88155,18002,25536,18479,Karachi
9,2005,43913,27450,30636,9107,Islamabad
9,2005,68494,13373,32161,15738,Lahore
9,2005,54850,26281,35305,14817,Hyderabad
9,2005,26261,10417,28808,8974,Quetta
9,2005,13267,27209,25745,14708,Peshawar
10,2005,61338,10412,27543,12587,Karachi
10,2005,73496,21657,25988,7504,Islamabad
10,2005,65735,24527,39170,6122,Lahore
10,2005,40463,27955,25073,10104,Hyderabad
10,2005,49911,17357,32043,8440,Quetta
10,2005,30150,15644,30518,19552,Peshawar
11,2005,52914,23584,32144,19397,Karachi
11,2005,40728,27749,20698,12186,Islamabad
11,2005,43923,26779,27400,13082,Lahore
11,2005,56939,14360,22502,15011,Hyderabad
11,2005,32101,29166,25486,13335,Quetta
11,2005,31364,14491,31130,10588,Peshawar
12,2005,90419,11167,21062,7156,Karachi
12,2005,64244,21174,24729,14348,Islamabad
12,2005,53714,15334,28924,9330,Lahore
12,2005,44394,16801,24846,11731,Hyderabad
12,2005,38625,27337,22539,12056,Quetta
12,2005,21516,21493,21542,10293,Peshawar
1,2006,96732,27575,26313,18704,Karachi
1,2006,67569,29065,37924,11172,Islamabad
1,2006,56962,23807,29580,15048,Lahore
1,2006,37749,18691,27494,9312,Hyderabad
1,2006,16324,13141,39870,6810,Quetta
1,2006,16588,29307,25301,15406,Peshawar
2,2006,75289,25485,31714,9268,Karachi
2,2006,44748,19435,23709,14273,Islamabad
2,2006,60355,23116,29576,15150,Lahore
2,2006,59298,20188,34683,17477,Hyderabad
2,2006,15504,11214,21531,16632,Quetta
2,2006,33960,10823,37312,10029,Peshawar
3,2006,96196,26517,22105,8627,Karachi
3,2006,62700,11852,24910,18460,Islamabad
3,2006,50559,21003,33843,16704,Lahore
3,2006,26190,27640,39760,10645,Hyderabad
3,2006,18330,29087,28662,13120,Quetta
3,2006,17114,23323,21353,15975,Peshawar
4,2006,61023,10667,29337,18659,Karachi
4,2006,76487,29129,27483,5539,Islamabad
4,2006,57355,14964,24835,8775,Lahore
4,2006,58810,24837,27312,10320,Hyderabad
4,2006,28216,12779,37308,16148,Quetta
4,2006,11581,29708,32677,10713,Peshawar
5,2006,99407,14804,38222,15136,Karachi
5,2006,40009,29255,25124,6015,Islamabad
5,2006,57712,12193,28415,18550,Lahore
5,2006,43833,14158,26970,11938,Hyderabad
5,2006,36168,23772,38017,15344,Quetta
5,2006,17266,18702,20384,5404,Peshawar
6,2006,90943,25158,32763,7000,Karachi
6,2006,72606,19860,25989,6460,Islamabad
6,2006,53574,13636,30916,9809,Lahore
6,2006,52201,23456,35444,12245,Hyderabad
6,2006,49816,22338,37100,12939,Quetta
6,2006,31949,14544,24976,17775,Peshawar
7,2006,92783,13419,34430,12239,Karachi
7,2006,54489,26633,30357,5770,Islamabad
7,2006,58538,14363,30176,6077,Lahore
7,2006,28427,18580,24858,15040,Hyderabad
7,2006,37928,29198,39758,16470,Quetta
7,2006,11252,16996,32173,9673,Peshawar
8,2006,76698,25781,33051,11881,Karachi
8,2006,46949,19521,28017,11941,Islamabad
8,2006,55934,20209,37715,17536,Lahore
8,2006,51703,19550,24637,9854,Hyderabad
8,2006,34856,29216,39963,10971,Quetta
8,2006,37607,14164,27941,19388,Peshawar
9,2006,55569,14300,26269,8818,Karachi
9,2006,52015,22234,38290,11254,Islamabad
9,2006,47144,17350,35183,11238,Lahore
9,2006,26090,21637,32647,16139,Hyderabad
9,2006,33271,13266,20666,9188,Quetta
9,2006,27055,20161,31314,12570,Peshawar
10,2006,71508,22891,24777,8900,Karachi
10,2006,63061,23716,26981,19980,Islamabad
10,2006,69144,26907,38777,16309,Lahore
10,2006,46329,24124,36282,12240,Hyderabad
10,2006,38321,20488,25240,15453,Quetta
10,2006,20478,22394,39262,9143,Peshawar
11,2006,54432,23568,34178,6276,Karachi
11,2006,62195,10302,37022,5055,Islamabad
11,2006,38717,18150,22125,16479,Lahore
11,2006,36748,16809,24621,18623,Hyderabad
11,2006,20126,15122,38030,5918,Quetta
11,2006,29181,15870,21531,13172,Peshawar
12,2006,90441,16882,21906,8086,Karachi
12,2006,48152,15750,32772,15267,Islamabad
12,2006,55289,11062,38360,6296,Lahore
12,2006,49926,16229,36509,9632,Hyderabad
12,2006,18596,21475,26168,14795,Quetta
12,2006,17561,18258,36616,15348,Peshawar
1,2007,76734,16371,34369,17910,Karachi
1,2007,47943,22199,35728,11891,Islamabad
1,2007,36738,25913,22472,15852,Lahore
1,2007,39123,25679,21761,16706,Hyderabad
1,2007,25167,20554,37260,19277,Quetta
1,2007,13812,27844,38117,6605,Peshawar
2,2007,55622,16767,31613,11986,Karachi
2,2007,50589,23918,33046,13434,Islamabad
2,2007,65358,27447,24324,15787,Lahore
2,2007,29111,15342,36389,12489,Hyderabad
2,2007,29043,18837,20117,16120,Quetta
2,2007,23917,28935,34309,18234,Peshawar
3,2007,88328,10846,30954,18703,Karachi
3,2007,62700,16469,29333,15002,Islamabad
3,2007,66976,16283,22048,11233,Lahore
3,2007,32941,22607,29765,6828,Hyderabad
3,2007,16917,16988,38410,19594,Quetta
3,2007,30128,22977,20009,5260,Peshawar
4,2007,72422,19865,22219,12041,Karachi
4,2007,45287,11619,28512,6342,Islamabad
4,2007,49216,29208,38378,16150,Lahore
4,2007,34231,13490,29310,12984,Hyderabad
4,2007,32988,22219,20235,15161,Quetta
4,2007,39005,11908,28567,8530,Peshawar
5,2007,55256,29019,28162,14762,Karachi
5,2007,45415,13391,31157,16835,Islamabad
5,2007,35951,18007,29064,14444,Lahore
5,2007,50523,25524,39282,12546,Hyderabad
5,2007,15077,17577,36984,19060,Quetta
5,2007,27449,28520,30535,15055,Peshawar
6,2007,59510,16943,31954,12804,Karachi
6,2007,46565,15984,24670,7190,Islamabad
6,2007,39184,29096,22192,6248,Lahore
6,2007,31246,22790,38381,18108,Hyderabad
6,2007,41727,14018,31302,6970,Quetta
6,2007,18389,27586,35374,10742,Peshawar
7,2007,55788,15408,29446,5922,Karachi
7,2007,73187,28588,30789,6120,Islamabad
7,2007,62154,27334,22336,10373,Lahore
7,2007,22243,29029,24612,18946,Hyderabad
7,2007,38710,16371,26359,12863,Quetta
7,2007,13228,24382,38755,7891,Peshawar
8,2007,53756,25770,36478,7674,Karachi
8,2007,79666,20147,20793,15026,Islamabad
8,2007,64884,15779,32298,16517,Lahore
8,2007,34153,21111,30789,16397,Hyderabad
8,2007,27999,10814,36729,15541,Quetta
8,2007,34938,12443,30457,15380,Peshawar
9,2007,57783,21473,37368,12790,Karachi
9,2007,66215,10827,39915,12147,Islamabad
9,2007,67219,25343,33635,16127,Lahore
9,2007,58727,10126,39561,16248,Hyderabad
9,2007,35530,17196,31559,8368,Quetta
9,2007,13797,25114,33718,6792,Peshawar
10,2007,61053,13476,23417,6645,Karachi
10,2007,59256,13072,21854,9021,Islamabad
10,2007,67430,16514,22708,16694,Lahore
10,2007,29524,29891,26456,9212,Hyderabad
10,2007,47409,23224,27970,13766,Quetta
10,2007,26920,11625,30314,12973,Peshawar
11,2007,58577,18070,28666,13609,Karachi
11,2007,76368,16783,33226,14146,Islamabad
11,2007,34971,23490,37589,17951,Lahore
11,2007,21990,15299,32997,8572,Hyderabad
11,2007,37359,23472,24380,17350,Quetta
11,2007,39674,14757,39097,15395,Peshawar
12,2007,66241,15588,37350,9944,Karachi
12,2007,59816,27072,24243,8701,Islamabad
12,2007,54917,19916,29984,6759,Lahore
12,2007,46838,12482,20951,13914,Hyderabad
12,2007,42965,12079,22717,15524,Quetta
12,2007,37952,19692,27311,16687,Peshawar
1,2008,73570,28449,20768,19925,Karachi
1,2008,78258,25534,26645,10083,Islamabad
1,2008,68000,21485,25797,14138,Lahore
1,2008,32342,18038,36002,18087,Hyderabad
1,2008,49249,20093,39835,17256,Quetta
1,2008,24422,26438,27643,15015,Peshawar
2,2008,69846,25708,31271,5832,Karachi
2,2008,50998,24295,30682,19078,Islamabad
2,2008,38519,29694,23300,11722,Lahore
2,2008,59986,13054,33575,12970,Hyderabad
2,2008,49911,19503,35149,7538,Quetta
2,2008,22175,18356,35070,5822,Peshawar
3,2008,67327,24289,26150,9425,Karachi
3,2008,56032,12198,23452,14106,Islamabad
3,2008,43859,27692,28705,15112,Lahore
3,2008,43236,29978,24841,6409,Hyderabad
3,2008,44378,14566,31382,9491,Quetta
3,2008,27939,24596,20804,18221,Peshawar
4,2008,51279,23192,27083,10986,Karachi
4,2008,57771,22880,35517,7679,Islamabad
4,2008,32106,26086,24831,7768,Lahore
4,2008,48529,13186,22573,17808,Hyderabad
4,2008,49072,27685,38925,7051,Quetta
4,2008,33193,18633,31372,15849,Peshawar
5,2008,58996,26458,25475,13232,Karachi
5,2008,71653,17184,32875,6622,Islamabad
5,2008,46725,28458,27992,5645,Lahore
5,2008,49402,14263,34060,11136,Hyderabad
5,2008,23646,21664,22969,8028,Quetta
5,2008,34027,29065,23629,18887,Peshawar
6,2008,70609,13067,25941,6386,Karachi
6,2008,59250,21555,33081,9124,Islamabad
6,2008,54063,16819,31046,14442,Lahore
6,2008,48769,12711,24853,17693,Hyderabad
6,2008,38863,17715,28942,6762,Quetta
6,2008,25850,22112,32652,11122,Peshawar
7,2008,50481,24536,20153,12617,Karachi
7,2008,41524,12120,35048,7343,Islamabad
7,2008,67904,11240,20060,14130,Lahore
7,2008,38023,22312,33350,12970,Hyderabad
7,2008,43145,11252,28363,14650,Quetta
7,2008,29933,28706,36314,9090,Peshawar
8,2008,56960,13004,36713,8640,Karachi
8,2008,68470,11341,31855,13407,Islamabad
8,2008,30338,15895,32254,7708,Lahore
8,2008,31344,11750,22421,12119,Hyderabad
8,2008,20319,25896,31918,16834,Quetta
8,2008,30377,23849,24873,18327,Peshawar
9,2008,54806,18592,32182,10913,Karachi
9,2008,59541,26774,32045,9430,Islamabad
9,2008,38820,14232,31122,13007,Lahore
9,2008,37905,19018,21500,11737,Hyderabad
9,2008,40510,29426,24497,6466,Quetta
9,2008,29945,10614,29374,8223,Peshawar
10,2008,85435,23409,36514,18482,Karachi
10,2008,42983,22651,28230,12694,Islamabad
10,2008,58535,16640,31779,10468,Lahore
10,2008,35317,27304,27564,15961,Hyderabad
10,2008,43687,23737,29323,16713,Quetta
10,2008,18502,29625,20545,15653,Peshawar
11,2008,87114,19996,35775,18919,Karachi
11,2008,43810,17206,29005,17316,Islamabad
11,2008,59629,28416,28436,18035,Lahore
11,2008,32984,10271,39895,6771,Hyderabad
11,2008,25616,14361,27069,5920,Quetta
11,2008,34574,13430,32676,15816,Peshawar
12,2008,82733,12050,31692,6165,Karachi
12,2008,64951,12033,20145,19269,Islamabad
12,2008,55280,24286,22632,9494,Lahore
12,2008,35152,19155,30426,15233,Hyderabad
12,2008,16828,22260,29130,9805,Quetta
12,2008,10806,18202,21868,19561,Peshawar
1,2009,98280,24899,36220,10429,Karachi
1,2009,76332,11389,31593,12274,Islamabad
1,2009,47320,20745,34199,8845,Lahore
1,2009,35876,28180,28245,12214,Hyderabad
1,2009,15726,29120,33832,16362,Quetta
1,2009,39715,28297,30106,12657,Peshawar
2,2009,68850,24551,27906,17261,Karachi
2,2009,47287,10892,30222,16352,Islamabad
2,2009,67443,11933,37764,16873,Lahore
2,2009,37674,28024,33239,12490,Hyderabad
2,2009,47284,27602,25016,11881,Quetta
2,2009,35931,23774,29752,14610,Peshawar
3,2009,65585,17291,20974,9133,Karachi
3,2009,54663,13972,25295,18913,Islamabad
3,2009,59125,18228,29903,8020,Lahore
3,2009,40420,22880,25233,16303,Hyderabad
3,2009,24516,24559,36701,7396,Quetta
3,2009,28546,29129,21591,16303,Peshawar
4,2009,80561,16183,21312,14477,Karachi
4,2009,60695,17314,38767,8239,Islamabad
4,2009,32139,24688,38088,11924,Lahore
4,2009,53130,28988,33481,17643,Hyderabad
4,2009,35670,13738,22469,9795,Quetta
4,2009,32534,26106,36940,14017,Peshawar
5,2009,52808,26370,34870,17713,Karachi
5,2009,42719,21700,23741,14766,Islamabad
5,2009,66766,28787,36077,13780,Lahore
5,2009,46588,10294,30177,10343,Hyderabad
5,2009,45220,19882,21136,18544,Quetta
5,2009,12064,17009,32987,9543,Peshawar
6,2009,81575,11007,25445,15706,Karachi
6,2009,69257,19439,33281,17094,Islamabad
6,2009,31435,10571,22382,14437,Lahore
6,2009,46660,15084,36661,18507,Hyderabad
6,2009,22059,28271,32771,6265,Quetta
6,2009,17491,24527,37424,19859,Peshawar
7,2009,58073,19077,39136,13213,Karachi
7,2009,60953,21383,36378,11353,Islamabad
7,2009,32353,14799,37070,13476,Lahore
7,2009,41195,21939,22428,15699,Hyderabad
7,2009,36510,21296,27813,19414,Quetta
7,2009,38575,21801,31745,14645,Peshawar
8,2009,63025,13356,34288,12266,Karachi
8,2009,46540,26422,23342,14078,Islamabad
8,2009,65612,20396,37482,12027,Lahore
8,2009,33261,29539,23093,16722,Hyderabad
8,2009,37042,29280,31645,16703,Quetta
8,2009,10988,16446,36335,18156,Peshawar
9,2009,78602,26133,21682,19264,Karachi
9,2009,72196,15626,27424,17857,Islamabad
9,2009,49982,21425,21980,15047,Lahore
9,2009,39440,18984,37175,15001,Hyderabad
9,2009,38019,28639,39994,6607,Quetta
9,2009,31563,16573,37368,10776,Peshawar
10,2009,86444,13380,28711,13782,Karachi
10,2009,57434,23997,26342,19722,Islamabad
10,2009,47343,16059,28884,10655,Lahore
10,2009,35251,10526,23224,15445,Hyderabad
10,2009,26536,23547,38259,6763,Quetta
10,2009,18712,15797,29208,12099,Peshawar
11,2009,55109,26500,22433,10463,Karachi
11,2009,56967,14167,37773,16758,Islamabad
11,2009,56143,16154,28920,7043,Lahore
11,2009,40581,29880,37162,5213,Hyderabad
11,2009,18762,23399,29768,15640,Quetta
11,2009,16731,29501,25791,13783,Peshawar
12,2009,96389,26019,22720,13905,Karachi
12,2009,49127,26385,26368,16040,Islamabad
12,2009,48333,24451,37301,8174,Lahore
12,2009,35525,10089,38093,15361,Hyderabad
12,2009,31369,13041,20105,14078,Quetta
12,2009,35003,28279,26090,13508,Peshawar
1,2010,88850,27018,21925,7056,Karachi
1,2010,79685,29528,20552,13907,Islamabad
1,2010,66679,13389,33629,17398,Lahore
1,2010,44826,12430,20458,18395,Hyderabad
1,2010,47975,10899,31653,16577,Quetta
1,2010,26405,18601,20894,5514,Peshawar
2,2010,71288,14109,33258,12179,Karachi
2,2010,50326,21787,21560,18612,Islamabad
2,2010,47650,29811,24780,6927,Lahore
2,2010,48380,21894,22356,9790,Hyderabad
2,2010,41911,26690,30181,12057,Quetta
2,2010,26082,10661,24644,13503,Peshawar
3,2010,52920,26002,34025,13946,Karachi
3,2010,68706,22732,26236,11078,Islamabad
3,2010,63120,17005,34036,5158,Lahore
3,2010,20956,12071,28595,17803,Hyderabad
3,2010,40963,13453,26675,5955,Quetta
3,2010,16295,25921,38096,9703,Peshawar
4,2010,56563,22003,30817,15574,Karachi
4,2010,66017,21171,32582,17201,Islamabad
4,2010,59426,27778,32473,14461,Lahore
4,2010,41116,25596,20529,16815,Hyderabad
4,2010,34342,29975,32765,18910,Quetta
4,2010,21561,19131,20525,11477,Peshawar
5,2010,99153,10374,32197,16244,Karachi
5,2010,44648,12365,37909,19139,Islamabad
5,2010,59052,11646,20013,9599,Lahore
5,2010,55046,24296,23155,13321,Hyderabad
5,2010,18814,23125,23216,16130,Quetta
5,2010,38504,12113,30238,18760,Peshawar
6,2010,71927,22588,23374,11430,Karachi
6,2010,73397,26653,30831,15185,Islamabad
6,2010,35724,21083,33149,8432,Lahore
6,2010,26276,25635,25895,18994,Hyderabad
6,2010,38499,20552,36959,12029,Quetta
6,2010,16099,19499,39576,8178,Peshawar
7,2010,56116,25563,23568,14847,Karachi
7,2010,66155,24135,38587,6390,Islamabad
7,2010,31742,28309,20619,6274,Lahore
7,2010,54707,26001,20968,19846,Hyderabad
7,2010,40892,10281,35360,11262,Quetta
7,2010,11058,20724,25178,11980,Peshawar
8,2010,79856,19200,21229,14227,Karachi
8,2010,75057,11239,25370,5125,Islamabad
8,2010,53857,25398,26638,11570,Lahore
8,2010,23249,19110,27595,18605,Hyderabad
8,2010,27115,16294,25757,17595,Quetta
8,2010,11969,20985,37275,9470,Peshawar
9,2010,60225,19556,29206,14991,Karachi
9,2010,63196,17519,33669,9612,Islamabad
9,2010,68006,25577,35504,12705,Lahore
9,2010,56487,10302,32144,17875,Hyderabad
9,2010,45659,13072,33598,19287,Quetta
9,2010,23965,29508,29519,18380,Peshawar
10,2010,76984,21865,28125,8291,Karachi
10,2010,44033,15105,37087,13133,Islamabad
10,2010,35704,17848,32975,11924,Lahore
10,2010,47208,29614,20488,12114,Hyderabad
10,2010,40923,25740,23173,17781,Quetta
10,2010,11667,14114,23553,12761,Peshawar
11,2010,81116,11000,35638,14042,Karachi
11,2010,57772,15450,23712,6367,Islamabad
11,2010,56200,29156,23726,12232,Lahore
11,2010,47723,14806,22190,14108,Hyderabad
11,2010,27178,12875,25592,6440,Quetta
11,2010,22592,18927,34437,19297,Peshawar
12,2010,94298,17010,31207,12117,Karachi
12,2010,65537,12989,32040,14218,Islamabad
12,2010,52612,16471,22863,18761,Lahore
12,2010,46523,11177,24760,5011,Hyderabad
12,2010,36636,26353,31556,16214,Quetta
12,2010,21563,24051,31022,13234,Peshawar
1,2011,75519,26173,33178,11570,Karachi
1,2011,64596,10406,29206,9431,Islamabad
1,2011,57764,16542,28906,9146,Lahore
1,2011,33076,26524,24882,19113,Hyderabad
1,2011,21012,27347,27151,13564,Quetta
1,2011,38211,13610,29884,11894,Peshawar
2,2011,63467,26489,29873,17289,Karachi
2,2011,63171,12137,39914,6286,Islamabad
2,2011,59734,17052,23654,12102,Lahore
2,2011,38743,25600,28636,11441,Hyderabad
2,2011,39611,19667,32149,6798,Quetta
2,2011,36421,19600,25495,14900,Peshawar
3,2011,63673,21130,35222,12285,Karachi
3,2011,74068,19435,39481,9616,Islamabad
3,2011,46393,20617,25752,14852,Lahore
3,2011,51401,16295,37456,8225,Hyderabad
3,2011,49084,22337,26807,11674,Quetta
3,2011,13683,17227,23273,12000,Peshawar
4,2011,50145,15010,36035,8040,Karachi
4,2011,66160,26866,39563,6249,Islamabad
4,2011,59344,27014,34996,13853,Lahore
4,2011,31695,12852,36014,15658,Hyderabad
4,2011,48755,17622,29160,15829,Quetta
4,2011,27484,16652,27421,10016,Peshawar
5,2011,83537,27727,34114,9358,Karachi
5,2011,68482,21543,38733,16794,Islamabad
5,2011,68467,27625,21125,15793,Lahore
5,2011,51007,16764,32323,18031,Hyderabad
5,2011,22843,24210,36456,19983,Quetta
5,2011,31856,20106,25189,7472,Peshawar
6,2011,99859,28188,26704,8713,Karachi
6,2011,45051,20756,22475,8610,Islamabad
6,2011,34255,24484,21735,14777,Lahore
6,2011,28258,17979,22428,17345,Hyderabad
6,2011,23533,15249,39201,15853,Quetta
6,2011,35808,19686,34109,9211,Peshawar
7,2011,82007,10661,32075,18753,Karachi
7,2011,50526,13374,20207,7665,Islamabad
7,2011,53197,10632,23083,17944,Lahore
7,2011,40103,17123,30754,6679,Hyderabad
7,2011,30901,10236,27446,9443,Quetta
7,2011,33154,25463,28555,7368,Peshawar
8,2011,82376,26669,20148,18395,Karachi
8,2011,60421,14895,37396,16023,Islamabad
8,2011,40699,19715,39169,15748,Lahore
8,2011,36163,15782,38792,5340,Hyderabad
8,2011,45682,25096,38880,10962,Quetta
8,2011,39506,15299,29917,12574,Peshawar
9,2011,68073,13267,24406,13453,Karachi
9,2011,57826,20382,24437,10435,Islamabad
9,2011,54819,14107,20560,17329,Lahore
9,2011,45169,11826,31421,16479,Hyderabad
9,2011,22629,18325,39522,17111,Quetta
9,2011,39619,17693,28264,17686,Peshawar
10,2011,96484,16721,39362,12373,Karachi
10,2011,78675,26127,25656,15177,Islamabad
10,2011,38984,18286,25901,14325,Lahore
10,2011,51055,14917,28429,19716,Hyderabad
10,2011,26138,12530,38344,12045,Quetta
10,2011,27432,15772,35476,7529,Peshawar
11,2011,98519,12964,27137,5963,Karachi
11,2011,56920,23891,27340,19267,Islamabad
11,2011,53563,17967,32415,16871,Lahore
11,2011,48763,21916,28734,5845,Hyderabad
11,2011,43179,29420,22494,17677,Quetta
11,2011,29103,28268,32330,9349,Peshawar
12,2011,87947,16610,26430,12154,Karachi
12,2011,53828,20145,26488,9737,Islamabad
12,2011,66618,27073,33564,15142,Lahore
12,2011,50158,15078,32168,18410,Hyderabad
12,2011,20448,27563,29074,11406,Quetta
12,2011,34975,18800,34083,6638,Peshawar
1,2012,73312,20340,21382,6403,Karachi
1,2012,43292,19011,20419,17411,Islamabad
1,2012,67285,29686,35422,14700,Lahore
1,2012,52371,15693,20767,7044,Hyderabad
1,2012,29818,11549,29956,11140,Quetta
1,2012,20837,13716,24481,18885,Peshawar
2,2012,74282,16548,38677,9837,Karachi
2,2012,47758,20900,27993,11007,Islamabad
2,2012,35542,24828,36052,7385,Lahore
2,2012,20671,10163,28656,16234,Hyderabad
2,2012,19795,20634,24798,11036,Quetta
2,2012,28739,20749,25827,13737,Peshawar
3,2012,87487,10593,27394,19056,Karachi
3,2012,68380,29877,30636,7672,Islamabad
3,2012,60911,10016,23191,5392,Lahore
3,2012,45000,16272,36955,8631,Hyderabad
3,2012,21172,19312,38663,13980,Quetta
3,2012,33835,18906,37159,17218,Peshawar
4,2012,73253,28631,36462,13080,Karachi
4,2012,47099,24916,27083,19784,Islamabad
4,2012,52614,19223,24940,8271,Lahore
4,2012,48758,13456,27788,16698,Hyderabad
4,2012,39034,12711,31280,6668,Quetta
4,2012,26531,22089,30142,5365,Peshawar
5,2012,98355,19866,24531,17686,Karachi
5,2012,78098,15510,28964,11493,Islamabad
5,2012,40759,15439,34473,14765,Lahore
5,2012,48270,23279,26511,16483,Hyderabad
5,2012,38888,27630,22376,8009,Quetta
5,2012,37569,21824,38211,11979,Peshawar
6,2012,76189,19832,32504,13569,Karachi
6,2012,60669,16910,34089,7196,Islamabad
6,2012,50131,15978,37153,15613,Lahore
6,2012,53548,19908,26303,19686,Hyderabad
6,2012,18983,19503,36905,18070,Quetta
6,2012,36896,22232,24583,10946,Peshawar
7,2012,99145,17128,31889,16029,Karachi
7,2012,52275,12461,34291,19036,Islamabad
7,2012,41435,10685,38544,12031,Lahore
7,2012,32258,25990,36422,15736,Hyderabad
7,2012,49964,17165,35997,19215,Quetta
7,2012,10301,27030,34571,14951,Peshawar
8,2012,78927,20773,36140,8537,Karachi
8,2012,53057,22500,35921,16870,Islamabad
8,2012,56062,14082,33718,9183,Lahore
8,2012,49739,20517,23754,15660,Hyderabad
8,2012,16724,11376,28706,13894,Quetta
8,2012,28037,28450,36406,7460,Peshawar
9,2012,79725,15926,26251,14496,Karachi
9,2012,76068,18553,23727,11272,Islamabad
9,2012,55860,26898,36832,11019,Lahore
9,2012,41727,20047,31754,7520,Hyderabad
9,2012,18081,11428,23967,11445,Quetta
9,2012,24566,24042,31329,7159,Peshawar
10,2012,87900,28931,39363,19933,Karachi
10,2012,59033,20805,23083,15448,Islamabad
10,2012,43944,29873,27604,12544,Lahore
10,2012,35379,29018,23983,6778,Hyderabad
10,2012,39286,15110,32087,12378,Quetta
10,2012,27508,27081,22179,14596,Peshawar
11,2012,88019,19235,38313,19871,Karachi
11,2012,41013,26610,21828,12909,Islamabad
11,2012,68356,23109,22023,9966,Lahore
11,2012,34537,15891,21080,10036,Hyderabad
11,2012,30379,20822,22563,8292,Quetta
11,2012,39197,13586,36087,9431,Peshawar
12,2012,73225,16643,23959,16005,Karachi
12,2012,40161,26029,36977,19226,Islamabad
12,2012,58731,21154,32080,8390,Lahore
12,2012,25997,22693,37047,14324,Hyderabad
12,2012,15541,15093,33428,16166,Quetta
12,2012,27251,26063,30258,13623,Peshawar
1,2013,66044,15469,26256,14398,Karachi
1,2013,50720,11169,20830,6651,Islamabad
1,2013,49194,19518,33258,6019,Lahore
1,2013,41621,20028,32448,15640,Hyderabad
1,2013,49051,27043,38394,13590,Quetta
1,2013,11733,28509,38555,13266,Peshawar
2,2013,98998,24472,32889,8471,Karachi
2,2013,70268,18329,22097,19082,Islamabad
2,2013,58272,20077,26397,19316,Lahore
2,2013,55525,28284,38994,11900,Hyderabad
2,2013,32833,15017,36370,17868,Quetta
2,2013,17999,20195,22096,13895,Peshawar
3,2013,93363,25941,39715,17925,Karachi
3,2013,55078,15105,39362,17928,Islamabad
3,2013,32839,13384,30851,15053,Lahore
3,2013,33493,27069,34139,12531,Hyderabad
3,2013,22736,17710,21619,18975,Quetta
3,2013,39656,22835,35261,6431,Peshawar
4,2013,59067,14713,29557,14435,Karachi
4,2013,77766,10162,21974,8291,Islamabad
4,2013,38461,27015,37289,16663,Lahore
4,2013,54782,19833,27896,5204,Hyderabad
4,2013,45508,15347,22643,13017,Quetta
4,2013,28681,27258,25560,19531,Peshawar
5,2013,67073,14000,34289,5671,Karachi
5,2013,47927,25562,21171,10591,Islamabad
5,2013,41918,19135,26342,6449,Lahore
5,2013,31929,12539,23959,18183,Hyderabad
5,2013,37669,15432,38745,11164,Quetta
5,2013,39777,11753,38322,13562,Peshawar
6,2013,72360,20123,36376,11588,Karachi
6,2013,65000,16304,27345,17916,Islamabad
6,2013,54259,25352,20597,8062,Lahore
6,2013,22336,19879,20572,12521,Hyderabad
6,2013,21171,28474,33992,11566,Quetta
6,2013,21861,22464,21633,18253,Peshawar
7,2013,62485,20849,23648,18140,Karachi
7,2013,57921,24357,33368,8137,Islamabad
7,2013,30097,21407,32722,17924,Lahore
7,2013,23750,18535,24666,5610,Hyderabad
7,2013,16727,11854,30800,10055,Quetta
7,2013,20271,28708,32819,14369,Peshawar
8,2013,59283,23171,25774,11519,Karachi
8,2013,50983,28133,34939,5781,Islamabad
8,2013,57624,16823,38489,8867,Lahore
8,2013,59961,12113,36280,10879,Hyderabad
8,2013,28565,20183,37961,14203,Quetta
8,2013,28658,25795,38810,18489,Peshawar
9,2013,88314,16852,22551,11411,Karachi
9,2013,73243,20403,27239,11710,Islamabad
9,2013,51384,18078,22285,10223,Lahore
9,2013,33521,24889,26971,17755,Hyderabad
9,2013,34909,21531,34721,7822,Quetta
9,2013,14943,16530,31116,5258,Peshawar
10,2013,50282,23937,21898,9135,Karachi
10,2013,46629,21168,39584,10110,Islamabad
10,2013,53551,10612,34203,5687,Lahore
10,2013,40074,12307,27133,16205,Hyderabad
10,2013,20906,12591,35149,17150,Quetta
10,2013,17183,20102,39988,5669,Peshawar
11,2013,51283,10923,21125,6529,Karachi
11,2013,66170,18438,36154,13004,Islamabad
11,2013,39752,20592,23864,15131,Lahore
11,2013,44217,10226,35036,16739,Hyderabad
11,2013,47220,26648,29587,16749,Quetta
11,2013,10645,26299,39374,18675,Peshawar
12,2013,76475,28888,30964,18537,Karachi
12,2013,49346,10587,32763,15013,Islamabad
12,2013,34079,13348,38099,15785,Lahore
12,2013,26450,23230,25433,6098,Hyderabad
12,2013,33710,21439,29087,11416,Quetta
12,2013,16980,28058,31101,12950,Peshawar
1,2014,82602,19122,32576,13915,Karachi
1,2014,67516,11089,24578,14127,Islamabad
1,2014,40487,10155,21958,15693,Lahore
1,2014,59112,15779,23830,14046,Hyderabad
1,2014,40215,19794,20441,11040,Quetta
1,2014,32309,24478,24628,11370,Peshawar
2,2014,59528,27332,31565,13179,Karachi
2,2014,56843,10392,32130,6787,Islamabad
2,2014,59516,20449,37522,17000,Lahore
2,2014,41125,17418,22454,14658,Hyderabad
2,2014,32761,25223,26701,7597,Quetta
2,2014,10141,12659,29031,16810,Peshawar
3,2014,96738,15661,26142,17109,Karachi
3,2014,62010,18787,30096,13472,Islamabad
3,2014,53383,14249,34949,6750,Lahore
3,2014,38351,14088,35282,7946,Hyderabad
3,2014,36778,15075,30412,16981,Quetta
3,2014,17230,25432,31002,18947,Peshawar
4,2014,63686,27915,33074,7990,Karachi
4,2014,44493,27317,21460,19140,Islamabad
4,2014,61655,20704,36669,5264,Lahore
4,2014,26816,21639,34424,18965,Hyderabad
4,2014,44492,28146,31240,15573,Quetta
4,2014,36845,10040,25827,13259,Peshawar
5,2014,64849,26232,27804,12789,Karachi
5,2014,45374,12524,29277,7479,Islamabad
5,2014,39885,10778,21492,19078,Lahore
5,2014,33615,22132,30178,12851,Hyderabad
5,2014,31288,17156,22044,12368,Quetta
5,2014,29900,23635,29168,9577,Peshawar
6,2014,99879,21328,33319,12468,Karachi
6,2014,73110,11447,26581,16851,Islamabad
6,2014,36317,26910,30088,17946,Lahore
6,2014,46649,26789,34567,19868,Hyderabad
6,2014,39370,19765,32466,17419,Quetta
6,2014,28230,27862,30587,19875,Peshawar
7,2014,83539,26300,28770,16093,Karachi
7,2014,40193,12007,37569,7394,Islamabad
7,2014,41190,19984,29302,9005,Lahore
7,2014,22261,16716,28921,9378,Hyderabad
7,2014,34835,22728,30332,14836,Quetta
7,2014,12800,18333,25410,6455,Peshawar
8,2014,80519,15808,26796,9796,Karachi
8,2014,57709,27543,24650,17691,Islamabad
8,2014,67755,25200,24697,19118,Lahore
8,2014,36724,13828,38352,5703,Hyderabad
8,2014,27605,15482,38184,10463,Quetta
8,2014,23860,14912,24648,5855,Peshawar
9,2014,85634,21834,36294,5182,Karachi
9,2014,43112,14492,35114,6517,Islamabad
9,2014,46018,27740,31431,16883,Lahore
9,2014,28210,21595,32871,17743,Hyderabad
9,2014,21588,13311,20987,8321,Quetta
9,2014,25812,14615,35512,18146,Peshawar
10,2014,63654,13052,20726,8760,Karachi
10,2014,62190,11875,33969,9033,Islamabad
10,2014,68211,27373,23744,15878,Lahore
10,2014,44995,26977,21774,15651,Hyderabad
10,2014,48703,23395,23808,5331,Quetta
10,2014,21641,29086,34376,17198,Peshawar
11,2014,55889,15054,23868,9200,Karachi
11,2014,74610,20058,29101,17497,Islamabad
11,2014,34658,21381,27544,12718,Lahore
11,2014,37154,29539,31777,6628,Hyderabad
11,2014,45373,10386,26031,16613,Quetta
11,2014,16439,23392,38850,7282,Peshawar
12,2014,84624,25670,21998,10476,Karachi
12,2014,49428,14669,32336,14342,Islamabad
12,2014,69832,17446,37815,10624,Lahore
12,2014,27461,11819,30516,18749,Hyderabad
12,2014,32514,12658,23500,13566,Quetta
12,2014,12120,14020,30213,16897,Peshawar
1,2015,86027,20081,21823,6474,Karachi
1,2015,58626,23467,39627,11990,Islamabad
1,2015,33134,28454,36743,19895,Lahore
1,2015,30233,26378,21141,6635,Hyderabad
1,2015,35384,20135,32966,8361,Quetta
1,2015,32967,17835,31172,5006,Peshawar
2,2015,53267,16564,38990,16411,Karachi
2,2015,45906,26028,39657,12611,Islamabad
2,2015,47297,12011,37826,10546,Lahore
2,2015,31738,24730,31120,6829,Hyderabad
2,2015,23767,23703,20929,16951,Quetta
2,2015,30083,25845,37438,10744,Peshawar
3,2015,68284,19649,26980,12069,Karachi
3,2015,59799,10442,24652,12939,Islamabad
3,2015,37597,24325,24458,11591,Lahore
3,2015,45833,21826,38693,19138,Hyderabad
3,2015,17169,28556,26313,13315,Quetta
3,2015,18036,10785,26139,11344,Peshawar
4,2015,68800,24973,25619,6936,Karachi
4,2015,76575,17151,29493,17355,Islamabad
4,2015,57716,13236,35848,7352,Lahore
4,2015,21932,20913,28556,9916,Hyderabad
4,2015,20498,20582,37330,18865,Quetta
4,2015,19569,27823,24857,5340,Peshawar
5,2015,93949,26766,28491,5138,Karachi
5,2015,40358,19714,39840,6627,Islamabad
5,2015,60654,25996,25004,14326,Lahore
5,2015,46762,23283,26652,11416,Hyderabad
5,2015,34554,12151,29429,19072,Quetta
5,2015,21927,16905,39218,17452,Peshawar
6,2015,98980,28951,21307,19852,Karachi
6,2015,65232,12660,30403,15101,Islamabad
6,2015,40238,16207,39546,6140,Lahore
6,2015,44842,11708,23630,8211,Hyderabad
6,2015,25485,22021,36859,12684,Quetta
6,2015,35552,11207,33331,6960,Peshawar
7,2015,50557,25883,33893,5882,Karachi
7,2015,77529,15867,32869,12166,Islamabad
7,2015,42982,17929,25347,12269,Lahore
7,2015,48064,23527,22454,9494,Hyderabad
7,2015,27991,12808,26642,8825,Quetta
7,2015,13536,25309,23802,17369,Peshawar
8,2015,71083,28354,26142,17014,Karachi
8,2015,73132,29503,35688,6863,Islamabad
8,2015,46499,17084,28016,7384,Lahore
8,2015,35072,13935,33127,19482,Hyderabad
8,2015,36826,12490,33324,14134,Quetta
8,2015,34045,28108,39151,6137,Peshawar
9,2015,77103,13420,25845,9778,Karachi
9,2015,76674,29337,32413,5276,Islamabad
9,2015,47611,16337,31944,8735,Lahore
9,2015,35906,27079,32306,12537,Hyderabad
9,2015,25503,29225,24208,16751,Quetta
9,2015,21590,20886,32866,6088,Peshawar
10,2015,53363,10024,29764,11144,Karachi
10,2015,60620,19959,32935,13068,Islamabad
10,2015,37295,18392,31390,13448,Lahore
10,2015,40131,20433,35038,8175,Hyderabad
10,2015,43182,21528,35743,12427,Quetta
10,2015,18605,12014,21381,6098,Peshawar
11,2015,69810,19101,20187,17236,Karachi
11,2015,50207,12092,38514,10242,Islamabad
11,2015,38549,15185,35271,10776,Lahore
11,2015,32449,17823,35717,12355,Hyderabad
11,2015,25350,12555,22951,6238,Quetta
11,2015,35549,14727,25686,14242,Peshawar
12,2015,86469,12780,37972,17070,Karachi
12,2015,42368,25592,20436,7828,Islamabad
12,2015,64324,23364,35061,19366,Lahore
12,2015,30576,26566,27190,11687,Hyderabad
12,2015,30369,11589,20159,17145,Quetta
12,2015,25373,16555,36237,14203,Peshawar
1,2016,58244,24743,33333,18341,Karachi
1,2016,58691,11228,25590,11919,Islamabad
1,2016,35585,19227,26046,17237,Lahore
1,2016,35649,14945,27927,17641,Hyderabad
1,2016,22016,24027,35920,12758,Quetta
1,2016,23752,28268,38193,8167,Peshawar
2,2016,94757,24087,22437,11468,Karachi
2,2016,55275,15276,28859,12818,Islamabad
2,2016,67496,29008,25738,9232,Lahore
2,2016,25793,14523,25571,19947,Hyderabad
2,2016,31209,25246,30380,14298,Quetta
2,2016,12224,18389,35927,11091,Peshawar
3,2016,94452,20640,28662,11361,Karachi
3,2016,74716,22091,31992,19967,Islamabad
3,2016,53478,16318,32180,5234,Lahore
3,2016,35372,29991,20522,10904,Hyderabad
3,2016,43099,22718,29821,10832,Quetta
3,2016,22820,26211,27122,10842,Peshawar
4,2016,51316,23200,37508,10621,Karachi
4,2016,55206,28971,21378,8374,Islamabad
4,2016,31519,17935,26093,13418,Lahore
4,2016,25355,19083,25574,9072,Hyderabad
4,2016,28324,12257,33411,15270,Quetta
4,2016,25233,25887,39621,18770,Peshawar
5,2016,84773,28400,30860,15070,Karachi
5,2016,58156,28135,34609,12170,Islamabad
5,2016,49604,26923,34823,18109,Lahore
5,2016,28547,21515,20234,19562,Hyderabad
5,2016,22480,14213,30293,6673,Quetta
5,2016,33092,12100,31849,17845,Peshawar
6,2016,78172,29557,38199,8841,Karachi
6,2016,48016,17011,24493,5674,Islamabad
6,2016,54472,18578,22158,7661,Lahore
6,2016,54832,13253,32828,17458,Hyderabad
6,2016,46128,11401,39643,15469,Quetta
6,2016,22096,14214,39611,16023,Peshawar
7,2016,61950,20704,30343,16867,Karachi
7,2016,42745,13866,31956,18993,Islamabad
7,2016,35818,28606,36093,7792,Lahore
7,2016,50116,25493,37908,17952,Hyderabad
7,2016,19025,28950,39187,17088,Quetta
7,2016,30093,16155,33839,5719,Peshawar
8,2016,97658,27356,38591,9426,Karachi
8,2016,63303,22512,35064,16767,Islamabad
8,2016,43767,21308,31477,18370,Lahore
8,2016,44770,18680,22204,15849,Hyderabad
8,2016,36729,29660,21102,10243,Quetta
8,2016,16614,26299,28707,18913,Peshawar
9,2016,71607,10630,31908,15039,Karachi
9,2016,49171,22721,36661,5232,Islamabad
9,2016,68458,23401,27659,16462,Lahore
9,2016,31704,10025,35384,18705,Hyderabad
9,2016,46226,18652,33379,10102,Quetta
9,2016,17006,29867,38378,13682,Peshawar
10,2016,83840,10215,29915,14784,Karachi
10,2016,58990,24824,23313,16033,Islamabad
10,2016,46241,15939,34696,19794,Lahore
10,2016,55063,11696,31185,15661,Hyderabad
10,2016,34167,13644,26420,18869,Quetta
10,2016,37076,21837,39029,11589,Peshawar
11,2016,89121,20541,21932,16486,Karachi
11,2016,41757,15085,25637,6116,Islamabad
11,2016,41691,10492,28811,16424,Lahore
11,2016,44272,16474,34385,14738,Hyderabad
11,2016,28979,21755,29797,16944,Quetta
11,2016,24607,22867,39127,19143,Peshawar
12,2016,57866,25449,30685,12160,Karachi
12,2016,45451,18548,27186,11102,Islamabad
12,2016,61030,10619,20882,13988,Lahore
12,2016,23642,11296,34122,13436,Hyderabad
12,2016,17895,27313,25366,13711,Quetta
12,2016,29596,28793,28199,15717,Peshawar
1,2017,86191,20211,32782,18917,Karachi
1,2017,63360,22474,23667,16863,Islamabad
1,2017,52357,18277,32424,7468,Lahore
1,2017,42601,28020,28155,8583,Hyderabad
1,2017,30515,14009,39710,15410,Quetta
1,2017,34532,28601,24967,7369,Peshawar
2,2017,70022,20695,29135,10722,Karachi
2,2017,67413,25514,31128,9444,Islamabad
2,2017,50331,28060,21196,17297,Lahore
2,2017,22787,17927,39702,13858,Hyderabad
2,2017,17176,18792,29171,7451,Quetta
2,2017,10628,19821,27778,8696,Peshawar
3,2017,70058,29149,32972,13307,Karachi
3,2017,44956,20195,37076,8162,Islamabad
3,2017,31105,29392,38545,19080,Lahore
3,2017,35417,24188,32602,8786,Hyderabad
3,2017,24256,24212,21913,14408,Quetta
3,2017,31904,20593,21772,15152,Peshawar
4,2017,69164,22996,22871,18234,Karachi
4,2017,62626,20521,30642,6132,Islamabad
4,2017,63467,24534,30230,19662,Lahore
4,2017,59065,22839,27812,17692,Hyderabad
4,2017,19557,12179,31030,14065,Quetta
4,2017,18275,27806,35089,15867,Peshawar
5,2017,85948,16696,29583,16410,Karachi
5,2017,68783,26998,33869,16163,Islamabad
5,2017,58152,26654,32258,7468,Lahore
5,2017,35042,25639,31546,17327,Hyderabad
5,2017,29270,25523,34300,8607,Quetta
5,2017,20775,22265,39459,17098,Peshawar
6,2017,66673,16614,23252,12415,Karachi
6,2017,63155,26662,31116,5580,Islamabad
6,2017,67726,14276,24776,5824,Lahore
6,2017,52252,13832,34901,10445,Hyderabad
6,2017,49148,19865,33926,19245,Quetta
6,2017,29540,21580,25634,13575,Peshawar
7,2017,88578,20179,32251,18131,Karachi
7,2017,59493,22707,39624,15180,Islamabad
7,2017,52412,28233,22749,18156,Lahore
7,2017,43064,26589,23450,12214,Hyderabad
7,2017,45581,21814,25141,17500,Quetta
7,2017,34885,12708,38375,13463,Peshawar
8,2017,94602,22278,30014,8273,Karachi
8,2017,77306,22541,28712,14168,Islamabad
8,2017,33551,22297,30965,15744,Lahore
8,2017,22832,23422,20152,10754,Hyderabad
8,2017,26156,21108,22800,19144,Quetta
8,2017,15310,19944,22610,17067,Peshawar
9,2017,83872,20728,27263,16686,Karachi
9,2017,41914,29456,20406,18689,Islamabad
9,2017,62934,10508,38045,19648,Lahore
9,2017,56432,29873,33050,5680,Hyderabad
9,2017,33908,28504,24357,6363,Quetta
9,2017,19523,12292,21538,8408,Peshawar
10,2017,91520,28287,20174,15348,Karachi
10,2017,74998,14287,32112,12106,Islamabad
10,2017,39689,22046,39555,6567,Lahore
10,2017,53919,17619,26033,13560,Hyderabad
10,2017,19946,11907,23490,7535,Quetta
10,2017,14173,21065,37677,9769,Peshawar
11,2017,87564,23046,34211,11871,Karachi
11,2017,67962,29356,24997,12032,Islamabad
11,2017,47376,18112,25287,15578,Lahore
11,2017,38624,27860,26426,16599,Hyderabad
11,2017,15389,10999,32812,6855,Quetta
11,2017,18125,23794,22763,8663,Peshawar
12,2017,54986,11481,23731,12262,Karachi
12,2017,56835,29477,37266,9408,Islamabad
12,2017,50452,20758,39661,13566,Lahore
12,2017,31889,21254,31442,18521,Hyderabad
12,2017,31199,17291,28160,5112,Quetta
12,2017,31515,29581,35924,15570,Peshawar
1,2018,76500,26523,21424,7949,Karachi
1,2018,59552,20808,26043,11989,Islamabad
1,2018,53620,16261,20887,8104,Lahore
1,2018,50013,26433,39944,5018,Hyderabad
1,2018,36205,22253,38990,12846,Quetta
1,2018,35027,16432,33452,18395,Peshawar
2,2018,53765,28822,35950,17502,Karachi
2,2018,49741,15941,24855,11547,Islamabad
2,2018,53580,25166,39145,9456,Lahore
2,2018,49240,15788,20201,11160,Hyderabad
2,2018,25561,26901,27737,18636,Quetta
2,2018,35917,11988,35441,16737,Peshawar
3,2018,64256,17162,33065,11241,Karachi
3,2018,72088,24114,28399,10633,Islamabad
3,2018,35755,20825,24117,13345,Lahore
3,2018,52182,11518,36346,7600,Hyderabad
3,2018,44267,13554,36193,18725,Quetta
3,2018,29233,25253,36194,18445,Peshawar
4,2018,84510,11306,23849,17360,Karachi
4,2018,69231,23032,24195,10178,Islamabad
4,2018,48689,17619,29280,7642,Lahore
4,2018,34296,25438,35674,9757,Hyderabad
4,2018,17994,25226,21271,6813,Quetta
4,2018,37491,28845,28475,18760,Peshawar
5,2018,87164,19283,33318,5816,Karachi
5,2018,40082,11920,27817,16683,Islamabad
5,2018,41336,25596,22093,17905,Lahore
5,2018,44351,18367,25285,15896,Hyderabad
5,2018,31753,28202,38485,17977,Quetta
5,2018,29874,28163,27674,6364,Peshawar
6,2018,79038,13676,22426,13264,Karachi
6,2018,64473,12962,20859,17048,Islamabad
6,2018,34138,12424,30409,9017,Lahore
6,2018,30451,20278,30996,13342,Hyderabad
6,2018,16134,15119,25694,15976,Quetta
6,2018,32520,14164,38730,10039,Peshawar
7,2018,71281,24631,30442,13252,Karachi
7,2018,67586,27721,37568,9426,Islamabad
7,2018,31551,22625,21629,14519,Lahore
7,2018,46249,11361,24370,10283,Hyderabad
7,2018,22610,20558,34924,19839,Quetta
7,2018,21949,20626,21993,5869,Peshawar
8,2018,81552,11014,30103,5602,Karachi
8,2018,70471,10690,36873,11864,Islamabad
8,2018,53624,20748,28024,5294,Lahore
8,2018,58256,21035,39296,14909,Hyderabad
8,2018,42172,28257,32855,8258,Quetta
8,2018,12817,14458,25307,13933,Peshawar
9,2018,68425,27063,30659,16889,Karachi
9,2018,78506,15668,34427,12697,Islamabad
9,2018,54417,26446,27829,15751,Lahore
9,2018,27352,23516,28326,8644,Hyderabad
9,2018,44493,18003,23278,12296,Quetta
9,2018,35398,13074,33261,16173,Peshawar
10,2018,80449,18312,21637,18652,Karachi
10,2018,45103,27028,22032,7761,Islamabad
10,2018,48452,26625,22668,19638,Lahore
10,2018,35954,27186,32356,18440,Hyderabad
10,2018,47963,12187,31707,7330,Quetta
10,2018,36935,13606,20060,16582,Peshawar
11,2018,76489,24387,23927,11296,Karachi
11,2018,70444,23622,34125,7591,Islamabad
11,2018,56147,16121,21200,17601,Lahore
11,2018,39238,21087,26972,5136,Hyderabad
11,2018,32413,25346,38978,12206,Quetta
11,2018,10661,12472,20086,15704,Peshawar
12,2018,88987,26322,34749,11968,Karachi
12,2018,67518,29157,33596,16502,Islamabad
12,2018,31700,12700,31821,17782,Lahore
12,2018,25520,21510,23687,5596,Hyderabad
12,2018,35929,18837,34955,16281,Quetta
12,2018,23917,14757,33045,9384,Peshawar
1,2019,91680,14733,27081,13690,Karachi
1,2019,63501,11673,34318,16259,Islamabad
1,2019,54690,21171,33545,16803,Lahore
1,2019,46829,12294,23630,5146,Hyderabad
1,2019,18453,14507,30602,10628,Quetta
1,2019,18328,25534,39744,8005,Peshawar
2,2019,86320,26402,22242,19665,Karachi
2,2019,77865,18640,21948,14137,Islamabad
2,2019,60049,15618,24236,11901,Lahore
2,2019,21920,21169,24188,17207,Hyderabad
2,2019,15238,10204,30799,10552,Quetta
2,2019,38916,14927,31164,9390,Peshawar
3,2019,69071,25641,26160,17358,Karachi
3,2019,55810,15126,20816,18414,Islamabad
3,2019,55396,10192,38160,8645,Lahore
3,2019,32816,16314,38172,12374,Hyderabad
3,2019,45698,20655,35129,18691,Quetta
3,2019,19359,13893,26811,14288,Peshawar
4,2019,83272,19813,34671,15664,Karachi
4,2019,50738,21186,26773,8816,Islamabad
4,2019,59894,10717,31676,9434,Lahore
4,2019,57825,14994,24234,8764,Hyderabad
4,2019,49872,19447,30674,13575,Quetta
4,2019,28991,18385,31999,8719,Peshawar
5,2019,52581,28949,22763,15990,Karachi
5,2019,78759,20531,39790,13923,Islamabad
5,2019,60835,21064,31312,9780,Lahore
5,2019,56945,25169,26476,7604,Hyderabad
5,2019,39565,12382,36915,11079,Quetta
5,2019,22508,10634,31996,15562,Peshawar
6,2019,64162,26386,34005,13397,Karachi
6,2019,62335,22327,34394,15813,Islamabad
6,2019,52010,12890,30858,11239,Lahore
6,2019,28026,13306,20897,14277,Hyderabad
6,2019,29683,10670,37889,11460,Quetta
6,2019,21767,23006,35768,15147,Peshawar
7,2019,71639,26633,21892,8439,Karachi
7,2019,72172,12854,31577,16763,Islamabad
7,2019,50176,21618,28235,8612,Lahore
7,2019,55386,13163,22942,13411,Hyderabad
7,2019,49693,12972,31705,15640,Quetta
7,2019,38047,20966,37374,16138,Peshawar
8,2019,65935,23145,20489,16748,Karachi
8,2019,62260,29275,23516,8340,Islamabad
8,2019,69178,10053,38959,16783,Lahore
8,2019,36999,15944,27404,5954,Hyderabad
8,2019,25625,11629,30973,11859,Quetta
8,2019,18841,20539,32682,8278,Peshawar
9,2019,71839,28945,26539,5370,Karachi
9,2019,73625,14886,32945,12485,Islamabad
9,2019,61455,23680,36767,19397,Lahore
9,2019,48453,20744,24334,9290,Hyderabad
9,2019,27226,23440,35020,11111,Quetta
9,2019,14251,22180,36140,5922,Peshawar
10,2019,77526,17957,39430,14166,Karachi
10,2019,73998,20627,30006,16126,Islamabad
10,2019,67701,24295,36377,8940,Lahore
10,2019,42867,10203,36544,17679,Hyderabad
10,2019,40344,13748,26718,7581,Quetta
10,2019,11093,25228,36034,10710,Peshawar
11,2019,92500,29259,23191,6837,Karachi
11,2019,73457,12103,20365,19010,Islamabad
11,2019,46103,22742,32391,9172,Lahore
11,2019,48901,25623,22378,6205,Hyderabad
11,2019,36372,22031,25669,7735,Quetta
11,2019,37923,19867,28490,5956,Peshawar
12,2019,59306,16623,34908,15697,Karachi
12,2019,77228,23986,32638,16918,Islamabad
12,2019,49212,12850,33299,15698,Lahore
12,2019,24594,24282,36285,19334,Hyderabad
12,2019,44179,16644,22850,19933,Quetta
12,2019,10165,20701,20919,13305,Peshawar
1,2020,67375,25715,23839,6258,Karachi
1,2020,63993,21618,33519,9804,Islamabad
1,2020,62596,20776,20067,14788,Lahore
1,2020,25660,14478,28210,15922,Hyderabad
1,2020,48340,17082,25395,7258,Quetta
1,2020,21094,10650,25741,18281,Peshawar
2,2020,56838,28971,23262,6338,Karachi
2,2020,44996,21826,22827,18873,Islamabad
2,2020,44211,15232,22217,8539,Lahore
2,2020,44229,24232,34026,9383,Hyderabad
2,2020,43554,29345,39610,18878,Quetta
2,2020,16837,17031,34806,14290,Peshawar
3,2020,75515,13716,23414,6448,Karachi
3,2020,40570,29288,33288,18493,Islamabad
3,2020,48889,10917,30066,18120,Lahore
3,2020,26982,16336,38062,5615,Hyderabad
3,2020,24941,22380,39889,16667,Quetta
3,2020,14529,27519,32192,13566,Peshawar
4,2020,57226,15162,36590,9875,Karachi
4,2020,74087,11141,24627,12389,Islamabad
4,2020,32690,17323,23255,13281,Lahore
4,2020,25213,14108,39404,6857,Hyderabad
4,2020,40380,29173,29802,13135,Quetta
4,2020,37499,21413,34995,12175,Peshawar
5,2020,95351,15021,38771,17915,Karachi
5,2020,79350,23455,33117,10866,Islamabad
5,2020,48950,27359,21262,10047,Lahore
5,2020,42615,13327,38643,15020,Hyderabad
5,2020,31848,24062,39678,11774,Quetta
5,2020,25160,11230,29076,8805,Peshawar
6,2020,81085,24715,25750,18232,Karachi
6,2020,75903,16953,21546,11065,Islamabad
6,2020,47478,12411,39001,19113,Lahore
6,2020,45338,14145,22775,18193,Hyderabad
6,2020,46647,22851,33070,11628,Quetta
6,2020,29539,13970,34119,13775,Peshawar
7,2020,87099,20295,21942,17647,Karachi
7,2020,64685,26575,33404,5861,Islamabad
7,2020,47033,14134,31803,12587,Lahore
7,2020,37420,26351,24131,7148,Hyderabad
7,2020,26349,21486,25457,11079,Quetta
7,2020,22453,28814,38263,17158,Peshawar
8,2020,65735,25830,35125,16905,Karachi
8,2020,63926,22298,22011,8373,Islamabad
8,2020,40335,20692,34527,17773,Lahore
8,2020,54057,11447,39583,11381,Hyderabad
8,2020,38906,29567,34139,18757,Quetta
8,2020,15462,29600,39520,8318,Peshawar
9,2020,75566,17657,24920,18750,Karachi
9,2020,50345,18417,37160,16029,Islamabad
9,2020,35208,10687,36913,16634,Lahore
9,2020,28080,28537,29486,11094,Hyderabad
9,2020,36158,17692,31088,8103,Quetta
9,2020,12440,17124,37228,19031,Peshawar
10,2020,64536,10446,23915,8109,Karachi
10,2020,57618,16587,20226,9143,Islamabad
10,2020,53569,21151,25558,15022,Lahore
10,2020,52954,24680,34559,16069,Hyderabad
10,2020,49700,12032,21252,10509,Quetta
10,2020,15074,23900,34523,6881,Peshawar
11,2020,83037,11630,37958,18383,Karachi
11,2020,41695,29642,34821,8262,Islamabad
11,2020,31445,26436,29949,10570,Lahore
11,2020,43963,28050,26901,7785,Hyderabad
11,2020,48487,18597,26855,7294,Quetta
11,2020,18263,24520,31874,16145,Peshawar
12,2020,70866,24079,37082,12243,Karachi
12,2020,69872,19018,36732,10374,Islamabad
12,2020,42100,26691,39800,18438,Lahore
12,2020,46910,14820,31001,18907,Hyderabad
12,2020,34942,21669,35916,15878,Quetta
12,2020,12985,18112,28467,7547,Peshawar
1,2021,77340,10336,30165,7979,Karachi
1,2021,43968,10910,38380,8129,Islamabad
1,2021,68215,16129,25850,9204,Lahore
1,2021,31949,18519,20314,16737,Hyderabad
1,2021,16134,20938,35588,14712,Quetta
1,2021,18347,15592,38108,8343,Peshawar
2,2021,67270,20997,20721,12678,Karachi
2,2021,49104,29741,20870,17300,Islamabad
2,2021,69519,26881,21756,19573,Lahore
2,2021,53885,21601,22828,18482,Hyderabad
2,2021,45676,24996,38031,18878,Quetta
2,2021,16992,23778,26771,5142,Peshawar
3,2021,79896,29145,23435,11622,Karachi
3,2021,52852,24806,30623,19003,Islamabad
3,2021,31848,12696,21717,18678,Lahore
3,2021,39456,19259,22786,19154,Hyderabad
3,2021,28409,13791,23871,6806,Quetta
3,2021,27888,29692,33304,10048,Peshawar
4,2021,77527,28074,35549,18579,Karachi
4,2021,65920,13303,39497,14074,Islamabad
4,2021,58810,25198,37888,15655,Lahore
4,2021,29940,13924,29783,9485,Hyderabad
4,2021,28233,22901,20191,13690,Quetta
4,2021,14917,15831,30160,9322,Peshawar
5,2021,63682,22391,21874,14062,Karachi
5,2021,77531,20234,29221,16410,Islamabad
5,2021,44519,11051,32225,14765,Lahore
5,2021,31382,22580,31989,16481,Hyderabad
5,2021,26939,28489,20307,12737,Quetta
5,2021,13359,13176,21251,10366,Peshawar
6,2021,77323,27901,26226,10305,Karachi
6,2021,70971,24330,24891,9992,Islamabad
6,2021,31961,22497,39247,15848,Lahore
6,2021,33255,14567,36079,11513,Hyderabad
6,2021,35389,21755,31151,5183,Quetta
6,2021,34139,13358,29590,11797,Peshawar
7,2021,60988,17678,25698,6273,Karachi
7,2021,67543,21241,37480,14497,Islamabad
7,2021,62703,21273,28002,9247,Lahore
7,2021,41698,29738,30703,5270,Hyderabad
7,2021,32570,22392,31956,18998,Quetta
7,2021,16305,28782,32721,11995,Peshawar
8,2021,62427,23782,22230,11511,Karachi
8,2021,66177,14765,33272,18139,Islamabad
8,2021,35552,10627,31989,18780,Lahore
8,2021,26589,12044,33171,7341,Hyderabad
8,2021,42790,18185,20249,7925,Quetta
8,2021,31427,27358,29175,14080,Peshawar
9,2021,66260,12672,27279,12531,Karachi
9,2021,41987,26474,32948,9059,Islamabad
9,2021,43026,12773,33159,14878,Lahore
9,2021,30377,17347,21008,8783,Hyderabad
9,2021,19298,14668,22052,11009,Quetta
9,2021,37884,11716,20310,19884,Peshawar
10,2021,97159,11260,33157,8932,Karachi
10,2021,51460,26968,34011,7866,Islamabad
10,2021,35898,28395,26251,9939,Lahore
10,2021,24006,11625,30956,5890,Hyderabad
10,2021,45663,16078,28923,8961,Quetta
10,2021,39277,28888,28806,8806,Peshawar
11,2021,81417,28103,33558,11686,Karachi
11,2021,41587,19803,37280,10558,Islamabad
11,2021,51031,20350,38816,8904,Lahore
11,2021,49432,21454,35849,11837,Hyderabad
11,2021,49217,15454,29424,9117,Quetta
11,2021,18869,20850,38412,18519,Peshawar
12,2021,97111,16845,24624,15229,Karachi
12,2021,48848,26549,33136,9591,Islamabad
12,2021,30589,29205,26509,12693,Lahore
12,2021,29968,12462,29460,6015,Hyderabad
12,2021,24275,23269,20406,12384,Quetta
12,2021,32433,21268,37369,16795,Peshawar
1,2022,54485,18901,22618,18759,Karachi
1,2022,69425,19603,26928,10368,Islamabad
1,2022,34621,24719,31126,12566,Lahore
1,2022,32306,25086,37387,15658,Hyderabad
1,2022,38888,28850,38323,6635,Quetta
1,2022,19890,18095,32719,15283,Peshawar
2,2022,68279,24231,34698,6073,Karachi
2,2022,77952,12402,24895,12331,Islamabad
2,2022,39343,20637,21956,12023,Lahore
2,2022,49134,24062,34333,8907,Hyderabad
2,2022,48575,24031,24827,19223,Quetta
2,2022,39885,23699,24524,14499,Peshawar
3,2022,98991,28668,25313,18598,Karachi
3,2022,68807,14887,23854,17458,Islamabad
3,2022,44536,13558,29772,5961,Lahore
3,2022,56343,12418,24198,6001,Hyderabad
3,2022,34229,19673,25316,15972,Quetta
3,2022,26806,21873,24266,12549,Peshawar
4,2022,69094,20589,21657,7541,Karachi
4,2022,79531,29459,23164,16158,Islamabad
4,2022,48437,18479,25737,8217,Lahore
4,2022,48430,27831,26009,5607,Hyderabad
4,2022,19552,28148,29417,14427,Quetta
4,2022,19221,12671,26519,8962,Peshawar
5,2022,62734,23122,39561,8722,Karachi
5,2022,44906,17263,33699,10054,Islamabad
5,2022,63576,19170,36260,15655,Lahore
5,2022,52247,20693,27701,6216,Hyderabad
5,2022,35435,28581,34191,7806,Quetta
5,2022,35354,27356,33704,12483,Peshawar
6,2022,52123,21533,36608,18841,Karachi
6,2022,54586,11814,33001,6106,Islamabad
6,2022,46508,29630,33380,7931,Lahore
6,2022,32317,12971,22017,12415,Hyderabad
6,2022,44166,29480,21609,5717,Quetta
6,2022,29945,22662,26782,15152,Peshawar
7,2022,83816,21618,28307,15287,Karachi
7,2022,50338,15578,33834,6620,Islamabad
7,2022,36548,17381,22941,10695,Lahore
7,2022,59169,25179,34456,18097,Hyderabad
7,2022,40553,16197,25450,13975,Quetta
7,2022,34816,27937,37396,13378,Peshawar
8,2022,51881,16799,34597,18240,Karachi
8,2022,53675,14586,28430,11447,Islamabad
8,2022,65113,26459,29548,19211,Lahore
8,2022,25877,16785,35833,9922,Hyderabad
8,2022,19686,24407,38286,19198,Quetta
8,2022,22205,23179,38443,5140,Peshawar
9,2022,78202,10016,33374,17540,Karachi
9,2022,56848,28211,25956,5089,Islamabad
9,2022,67583,29235,22843,17917,Lahore
9,2022,46460,25972,37353,6094,Hyderabad
9,2022,49172,13982,32515,17205,Quetta
9,2022,31939,22748,23092,9159,Peshawar
10,2022,72692,23971,34616,9933,Karachi
10,2022,44926,13969,22965,9319,Islamabad
10,2022,69876,19141,36428,6810,Lahore
10,2022,40950,20273,29021,6909,Hyderabad
10,2022,21364,12581,20691,17211,Quetta
10,2022,10931,23128,34226,18861,Peshawar
11,2022,81301,25475,23406,19776,Karachi
11,2022,57695,18579,23121,6873,Islamabad
11,2022,58164,25946,23748,5277,Lahore
11,2022,46553,28243,31563,19113,Hyderabad
11,2022,46308,16792,33918,15374,Quetta
11,2022,14675,11170,28681,15717,Peshawar
12,2022,62450,20680,30068,10308,Karachi
12,2022,75230,23650,20287,10953,Islamabad
12,2022,50666,28291,21161,5129,Lahore
12,2022,55131,15983,36527,13207,Hyderabad
12,2022,38853,24758,20244,5926,Quetta
12,2022,13178,12176,25002,5886,Peshawar
